{"accuracy": [0.5228849649429321, 0.6507191061973572, 0.7204314470291138, 0.7871615886688232, 0.8472081422805786, 0.8863367438316345, 0.9162859320640564, 0.9316624402999878, 0.9435279369354248, 0.9483925700187683, 0.9558798670768738, 0.9589043855667114, 0.9636209607124329, 0.9668993353843689, 0.9674915671348572, 0.9709179401397705, 0.9724196195602417], "loss": [1.216537594795227, 0.8825745582580566, 0.7299144268035889, 0.5684294104576111, 0.4164465367794037, 0.3094637393951416, 0.23916885256767273, 0.194920614361763, 0.16400477290153503, 0.14944636821746826, 0.13280664384365082, 0.12241905927658081, 0.10982046276330948, 0.10421875864267349, 0.0986260175704956, 0.08988839387893677, 0.08424223959445953], "val_accuracy": [0.610034704208374, 0.6980286240577698, 0.7458329796791077, 0.7793383598327637, 0.8271427154541016, 0.8621710538864136, 0.8756240010261536, 0.8897537589073181, 0.9004145860671997, 0.916490375995636, 0.9127675890922546, 0.9208054542541504, 0.9204670190811157, 0.9225822687149048, 0.9191979169845581, 0.9234283566474915, 0.9250359535217285], "val_loss": [0.9807068705558777, 0.7871947288513184, 0.6808597445487976, 0.6107115149497986, 0.5049708485603333, 0.44987285137176514, 0.44900938868522644, 0.4032086431980133, 0.3980170488357544, 0.3493504524230957, 0.37574219703674316, 0.34817126393318176, 0.37541136145591736, 0.3746444880962372, 0.3977717459201813, 0.39139002561569214, 0.359261155128479]}